{
  "weights": {
    "prophet": 0.24886155283175376,
    "lstm": 0.4286561232401736,
    "xgboost": 0.32248232392807263
  },
  "metrics": {
    "mae": 49.241269829556806,
    "rmse": 104.85284533113787,
    "mape": 5.40184854297176,
    "mda": 91.22807017543859,
    "r2": 0.9938812724149443
  },
  "horizon_results": {
    "1": {
      "mae": 346.26024535211207,
      "rmse": 900.047018894363,
      "mape": 40.20286554603445,
      "mda": 43.529411764705884,
      "r2": 0.5368857360940968
    },
    "3": {
      "mae": 416.9367939078322,
      "rmse": 839.5529377759254,
      "mape": 58.02861128226999,
      "mda": 45.83333333333333,
      "r2": 0.5168105491716165
    },
    "7": {
      "mae": 393.00273636265456,
      "rmse": 780.5864982011192,
      "mape": 51.85971415074536,
      "mda": 67.6829268292683,
      "r2": 0.44533624296505336
    },
    "14": {
      "mae": 500.8634733814839,
      "rmse": 976.2499107057748,
      "mape": 87.4025636913646,
      "mda": 62.42038216560509,
      "r2": -0.2561856976499397
    }
  }
}